id,trial,gender,group,age,time,rt,trial_type
1,1,M,exercise,29,09:33:36,1.78881393432617,Incongruent
1,1,M,exercise,29,09:33:36,1.13027416229248,Incongruent
1,1,M,exercise,29,09:33:36,1.02804599761963,Incongruent
1,1,M,exercise,29,09:33:36,1.42056809425354,Incongruent
1,1,M,exercise,29,09:33:36,1.70380102157593,Incongruent
1,1,M,exercise,29,09:33:36,1.68704615592957,Incongruent
1,1,M,exercise,29,09:33:36,1.4277502155304,Incongruent
1,1,M,exercise,29,09:33:36,1.64044891357422,Incongruent
1,1,M,exercise,29,09:33:36,1.10621295928955,Incongruent
1,1,M,exercise,29,09:33:36,1.28692589759827,Incongruent
1,1,M,exercise,29,09:33:36,1.53877697944641,Incongruent
1,1,M,exercise,29,09:33:36,2.02506505012512,Incongruent
1,2,M,exercise,29,09:43:55,1.52967105865479,Incongruent
1,2,M,exercise,29,09:43:55,1.41276107788086,Incongruent
1,2,M,exercise,29,09:43:55,1.62491498947144,Incongruent
1,2,M,exercise,29,09:43:55,1.29472504615784,Incongruent
1,2,M,exercise,29,09:43:55,1.57002101898193,Incongruent
1,2,M,exercise,29,09:43:55,1.72737895011902,Incongruent
2,1,M,exercise,29,08:04:14,1.7655027961731,Incongruent
2,1,M,exercise,29,08:04:14,2.03351102828979,Incongruent
2,1,M,exercise,29,08:04:14,1.46095119476318,Incongruent
2,1,M,exercise,29,08:04:14,1.93133197784424,Incongruent
2,1,M,exercise,29,08:04:14,1.17747388839722,Incongruent
2,2,M,exercise,29,08:12:49,1.12380920410156,Incongruent
2,2,M,exercise,29,08:12:49,1.05203400611877,Incongruent
2,2,M,exercise,29,08:12:49,0.933567867279053,Incongruent
2,2,M,exercise,29,08:12:49,1.36620603561401,Incongruent
2,2,M,exercise,29,08:12:49,1.05894194602966,Incongruent
2,2,M,exercise,29,08:12:49,1.07503233909607,Incongruent
2,2,M,exercise,29,08:12:49,0.948407754898071,Incongruent
2,2,M,exercise,29,08:12:49,0.863051996231079,Incongruent
2,2,M,exercise,29,08:12:49,0.941329107284546,Incongruent
2,2,M,exercise,29,08:12:49,0.736837015151978,Incongruent
3,1,F,exercise,24,09:19:54,1.59276782035828,Incongruent
3,1,F,exercise,24,09:19:54,1.1682582950592,Incongruent
3,1,F,exercise,24,09:19:54,1.05900417327881,Incongruent
3,1,F,exercise,24,09:19:54,1.79007779121399,Incongruent
3,1,F,exercise,24,09:19:54,1.73500405311584,Incongruent
3,1,F,exercise,24,09:19:54,1.16121302604675,Incongruent
3,1,F,exercise,24,09:19:54,1.45975576400757,Incongruent
3,1,F,exercise,24,09:19:54,1.40454398155212,Incongruent
3,1,F,exercise,24,09:19:54,1.14502297401428,Incongruent
3,1,F,exercise,24,09:19:54,1.27076612472534,Incongruent
3,1,F,exercise,24,09:19:54,1.20065723419189,Incongruent
3,1,F,exercise,24,09:19:54,0.94141016960144,Incongruent
3,1,F,exercise,24,09:19:54,1.81424604415894,Incongruent
3,1,F,exercise,24,09:19:54,1.42132102012634,Incongruent
3,1,F,exercise,24,09:19:54,1.22445593833923,Incongruent
3,1,F,exercise,24,09:19:54,0.996935949325562,Incongruent
3,1,F,exercise,24,09:19:54,1.91659461021423,Incongruent
3,1,F,exercise,24,09:19:54,1.52358017921448,Incongruent
3,2,F,exercise,24,09:28:43,1.28650485038757,Incongruent
3,2,F,exercise,24,09:28:43,0.792503223419189,Incongruent
3,2,F,exercise,24,09:28:43,1.0518568611145,Incongruent
3,2,F,exercise,24,09:28:43,1.65704713821411,Incongruent
3,2,F,exercise,24,09:28:43,1.20904384613037,Incongruent
3,2,F,exercise,24,09:28:43,1.37392602920532,Incongruent
3,2,F,exercise,24,09:28:43,1.15424810409546,Incongruent
3,2,F,exercise,24,09:28:43,1.14595876693726,Incongruent
3,2,F,exercise,24,09:28:43,1.04417096138,Incongruent
3,2,F,exercise,24,09:28:43,1.66475306510925,Incongruent
3,2,F,exercise,24,09:28:43,0.887039051055908,Incongruent
3,2,F,exercise,24,09:28:43,1.36615382194519,Incongruent
3,2,F,exercise,24,09:28:43,0.981113061904907,Incongruent
3,2,F,exercise,24,09:28:43,1.34306322097778,Incongruent
3,2,F,exercise,24,09:28:43,0.965321645736694,Incongruent
4,1,F,exercise,26,09:35:05,1.05746279716492,Incongruent
4,1,F,exercise,26,09:35:05,1.6339589214325,Incongruent
4,1,F,exercise,26,09:35:05,1.22433029174805,Incongruent
4,1,F,exercise,26,09:35:05,1.86074982643127,Incongruent
4,1,F,exercise,26,09:35:05,1.22374974250793,Incongruent
4,1,F,exercise,26,09:35:05,1.44389806747437,Incongruent
4,1,F,exercise,26,09:35:05,1.0355530834198,Incongruent
4,1,F,exercise,26,09:35:05,1.43679200172424,Incongruent
4,1,F,exercise,26,09:35:05,1.16121183395386,Incongruent
4,1,F,exercise,26,09:35:05,1.11404667854309,Incongruent
4,1,F,exercise,26,09:35:05,1.16129790306091,Incongruent
4,1,F,exercise,26,09:35:05,1.79016314506531,Incongruent
4,1,F,exercise,26,09:35:05,1.01967988967896,Incongruent
4,1,F,exercise,26,09:35:05,0.972820148468018,Incongruent
4,1,F,exercise,26,09:35:05,1.37338291168213,Incongruent
4,1,F,exercise,26,09:35:05,1.21604095458984,Incongruent
4,2,F,exercise,26,09:43:12,1.2548380947113,Incongruent
4,2,F,exercise,26,09:43:12,0.980568037033081,Incongruent
4,2,F,exercise,26,09:43:12,1.23992310523987,Incongruent
4,2,F,exercise,26,09:43:12,1.4522122001648,Incongruent
4,2,F,exercise,26,09:43:12,2.0258399105072,Incongruent
4,2,F,exercise,26,09:43:12,1.31076704025269,Incongruent
4,2,F,exercise,26,09:43:12,0.902140960693359,Incongruent
4,2,F,exercise,26,09:43:12,1.38143311500549,Incongruent
4,2,F,exercise,26,09:43:12,1.81432996749878,Incongruent
4,2,F,exercise,26,09:43:12,1.79853497505188,Incongruent
4,2,F,exercise,26,09:43:12,1.38079510688782,Incongruent
4,2,F,exercise,26,09:43:12,1.02780304908752,Incongruent
4,2,F,exercise,26,09:43:12,1.06743179321289,Incongruent
4,2,F,exercise,26,09:43:12,0.933208332061768,Incongruent
5,1,F,exercise,25,10:16:02,1.1903849697113,Incongruent
5,1,F,exercise,25,10:16:02,1.23976384162903,Incongruent
5,1,F,exercise,25,10:16:02,1.30232797622681,Incongruent
5,1,F,exercise,25,10:16:02,0.972712860107422,Incongruent
5,1,F,exercise,25,10:16:02,1.21570073127747,Incongruent
5,1,F,exercise,25,10:16:02,1.18463312149048,Incongruent
5,1,F,exercise,25,10:16:02,1.78211890220642,Incongruent
5,1,F,exercise,25,10:16:02,1.06683789253235,Incongruent
5,1,F,exercise,25,10:16:02,2.30868588447571,Incongruent
5,1,F,exercise,25,10:16:02,1.57062731742859,Incongruent
5,1,F,exercise,25,10:16:02,1.31917797088623,Incongruent
5,1,F,exercise,25,10:16:02,1.10621605873108,Incongruent
5,1,F,exercise,25,10:16:02,2.29364191055298,Incongruent
5,1,F,exercise,25,10:16:02,1.1383420085907,Incongruent
5,1,F,exercise,25,10:16:02,1.00372301101685,Incongruent
5,1,F,exercise,25,10:16:02,3.93456302642822,Incongruent
5,2,F,exercise,25,10:24:22,1.23065720558167,Incongruent
5,2,F,exercise,25,10:24:22,1.43539415359497,Incongruent
5,2,F,exercise,25,10:24:22,1.38908396720886,Incongruent
5,2,F,exercise,25,10:24:22,1.22476802825928,Incongruent
5,2,F,exercise,25,10:24:22,1.27998696327209,Incongruent
5,2,F,exercise,25,10:24:22,1.45935617446899,Incongruent
5,2,F,exercise,25,10:24:22,1.4910350894928,Incongruent
5,2,F,exercise,25,10:24:22,0.933988914489746,Incongruent
5,2,F,exercise,25,10:24:22,1.66471587181091,Incongruent
5,2,F,exercise,25,10:24:22,1.570284948349,Incongruent
5,2,F,exercise,25,10:24:22,0.973461256027222,Incongruent
5,2,F,exercise,25,10:24:22,0.926262245178223,Incongruent
6,1,M,exercise,29,10:29:44,1.69460211753845,Incongruent
6,1,M,exercise,29,10:29:44,1.83726202011108,Incongruent
6,1,M,exercise,29,10:29:44,1.176734790802,Incongruent
6,1,M,exercise,29,10:29:44,1.09055124282837,Incongruent
6,1,M,exercise,29,10:29:44,1.16108714103699,Incongruent
6,1,M,exercise,29,10:29:44,1.08279810905457,Incongruent
6,1,M,exercise,29,10:29:44,1.66420279502869,Incongruent
6,1,M,exercise,29,10:29:44,1.25530205726624,Incongruent
6,1,M,exercise,29,10:29:44,1.01200901031494,Incongruent
6,1,M,exercise,29,10:29:44,1.2235311126709,Incongruent
6,1,M,exercise,29,10:29:44,1.26311098098755,Incongruent
6,1,M,exercise,29,10:29:44,0.850550994873047,Incongruent
6,1,M,exercise,29,10:29:44,1.42009531021118,Incongruent
6,1,M,exercise,29,10:29:44,1.49102579116821,Incongruent
6,1,M,exercise,29,10:29:44,0.886248931884766,Incongruent
6,1,M,exercise,29,10:29:44,1.15297399520874,Incongruent
6,1,M,exercise,29,10:29:44,2.00186692237854,Incongruent
6,2,M,exercise,29,10:38:16,1.80384789466858,Incongruent
6,2,M,exercise,29,10:38:16,1.15474782943726,Incongruent
6,2,M,exercise,29,10:38:16,1.15382491111755,Incongruent
6,2,M,exercise,29,10:38:16,1.44423209190369,Incongruent
6,2,M,exercise,29,10:38:16,1.16092477798462,Incongruent
6,2,M,exercise,29,10:38:16,1.60833297729492,Incongruent
6,2,M,exercise,29,10:38:16,1.04337488174438,Incongruent
6,2,M,exercise,29,10:38:16,1.04313694000244,Incongruent
6,2,M,exercise,29,10:38:16,2.08917795181274,Incongruent
6,2,M,exercise,29,10:38:16,1.27119909286499,Incongruent
6,2,M,exercise,29,10:38:16,1.45187293052673,Incongruent
6,2,M,exercise,29,10:38:16,1.08264885902405,Incongruent
6,2,M,exercise,29,10:38:16,1.35743103981018,Incongruent
6,2,M,exercise,29,10:38:16,1.41244922637939,Incongruent
6,2,M,exercise,29,10:38:16,1.02769289970398,Incongruent
6,2,M,exercise,29,10:38:16,2.45780693054199,Incongruent
6,2,M,exercise,29,10:38:16,1.0590339756012,Incongruent
6,2,M,exercise,29,10:38:16,1.48335300445557,Incongruent
6,2,M,exercise,29,10:38:16,1.14524684906006,Incongruent
6,2,M,exercise,29,10:38:16,1.55385099411011,Incongruent
7,1,M,exercise,29,19:40:45,1.42730508804321,Incongruent
7,1,M,exercise,29,19:40:45,1.64805375099182,Incongruent
7,1,M,exercise,29,19:40:45,1.34965501785278,Incongruent
7,1,M,exercise,29,19:40:45,1.50639806747437,Incongruent
7,1,M,exercise,29,19:40:45,2.3080242729187,Incongruent
7,1,M,exercise,29,19:40:45,1.41202794075012,Incongruent
7,1,M,exercise,29,19:40:45,1.1527520275116,Incongruent
7,1,M,exercise,29,19:40:45,1.71823488235474,Incongruent
7,1,M,exercise,29,19:40:45,1.53920899391174,Incongruent
7,1,M,exercise,29,19:40:45,1.3029349899292,Incongruent
7,1,M,exercise,29,19:40:45,1.03531180381775,Incongruent
7,1,M,exercise,29,19:40:45,1.56244908332825,Incongruent
7,1,M,exercise,29,19:40:45,1.3418708896637,Incongruent
7,1,M,exercise,29,19:40:45,1.79011379241943,Incongruent
7,1,M,exercise,29,19:40:45,1.6642688369751,Incongruent
7,2,M,exercise,29,19:50:02,1.0350328540802,Incongruent
7,2,M,exercise,29,19:50:02,1.05052886962891,Incongruent
7,2,M,exercise,29,19:50:02,1.23918615341187,Incongruent
7,2,M,exercise,29,19:50:02,1.34917388916016,Incongruent
7,2,M,exercise,29,19:50:02,1.19219695091248,Incongruent
7,2,M,exercise,29,19:50:02,1.14503179550171,Incongruent
7,2,M,exercise,29,19:50:02,0.909277067184448,Incongruent
7,2,M,exercise,29,19:50:02,1.32540522575378,Incongruent
7,2,M,exercise,29,19:50:02,1.36519299507141,Incongruent
7,2,M,exercise,29,19:50:02,1.27838598251343,Incongruent
7,2,M,exercise,29,19:50:02,1.05865393638611,Incongruent
7,2,M,exercise,29,19:50:02,1.3961750125885,Incongruent
7,2,M,exercise,29,19:50:02,1.01142059326172,Incongruent
8,1,M,exercise,26,12:26:48,1.63890480995178,Incongruent
8,1,M,exercise,26,12:26:48,1.0344021320343,Incongruent
8,1,M,exercise,26,12:26:48,1.19924116134644,Incongruent
8,1,M,exercise,26,12:26:48,2.90449786186218,Incongruent
8,1,M,exercise,26,12:26:48,1.56097292900085,Incongruent
8,1,M,exercise,26,12:26:48,1.38815093040466,Incongruent
8,1,M,exercise,26,12:26:48,1.17701578140259,Incongruent
8,1,M,exercise,26,12:26:48,1.44355988502502,Incongruent
8,1,M,exercise,26,12:26:48,1.3967878818512,Incongruent
8,1,M,exercise,26,12:26:48,1.63240003585815,Incongruent
8,1,M,exercise,26,12:26:48,1.65538883209229,Incongruent
8,1,M,exercise,26,12:26:48,1.42059111595154,Incongruent
8,1,M,exercise,26,12:26:48,1.0197811126709,Incongruent
8,1,M,exercise,26,12:26:48,1.9780330657959,Incongruent
8,1,M,exercise,26,12:26:48,2.0341169834137,Incongruent
8,1,M,exercise,26,12:26:48,1.78979206085205,Incongruent
8,2,M,exercise,26,12:35:08,2.04850268363953,Incongruent
8,2,M,exercise,26,12:35:08,1.81346201896667,Incongruent
8,2,M,exercise,26,12:35:08,0.941027879714966,Incongruent
8,2,M,exercise,26,12:35:08,1.59354686737061,Incongruent
8,2,M,exercise,26,12:35:08,1.53070998191834,Incongruent
8,2,M,exercise,26,12:35:08,1.64085698127747,Incongruent
8,2,M,exercise,26,12:35:08,1.24780201911926,Incongruent
8,2,M,exercise,26,12:35:08,1.20083808898926,Incongruent
8,2,M,exercise,26,12:35:08,0.83112907409668,Incongruent
8,2,M,exercise,26,12:35:08,1.59365510940552,Incongruent
8,2,M,exercise,26,12:35:08,1.34967303276062,Incongruent
8,2,M,exercise,26,12:35:08,1.5312237739563,Incongruent
8,2,M,exercise,26,12:35:08,1.46859121322632,Incongruent
8,2,M,exercise,26,12:35:08,1.34909009933472,Incongruent
8,2,M,exercise,26,12:35:08,0.878420352935791,Incongruent
8,2,M,exercise,26,12:35:08,1.66419100761414,Incongruent
9,1,F,control,21,12:39:45,1.27847909927368,Incongruent
9,1,F,control,21,12:39:45,1.55317616462708,Incongruent
9,1,F,control,21,12:39:45,1.56183886528015,Incongruent
9,1,F,control,21,12:39:45,1.73366498947144,Incongruent
9,1,F,control,21,12:39:45,1.2871470451355,Incongruent
9,1,F,control,21,12:39:45,0.92417311668396,Incongruent
9,1,F,control,21,12:39:45,1.03561496734619,Incongruent
9,1,F,control,21,12:39:45,1.17567420005798,Incongruent
9,1,F,control,21,12:39:45,1.00329089164734,Incongruent
9,1,F,control,21,12:39:45,1.42725110054016,Incongruent
9,1,F,control,21,12:39:45,1.45950317382813,Incongruent
9,1,F,control,21,12:39:45,1.45227026939392,Incongruent
9,1,F,control,21,12:39:45,1.27154874801636,Incongruent
9,1,F,control,21,12:39:45,1.08180904388428,Incongruent
9,2,F,control,21,12:47:53,1.12106013298035,Incongruent
9,2,F,control,21,12:47:53,2.5360381603241,Incongruent
9,2,F,control,21,12:47:53,2.64574384689331,Incongruent
9,2,F,control,21,12:47:53,1.33300495147705,Incongruent
9,2,F,control,21,12:47:53,1.17662692070007,Incongruent
9,2,F,control,21,12:47:53,1.01032495498657,Incongruent
9,2,F,control,21,12:47:53,2.71673107147217,Incongruent
9,2,F,control,21,12:47:53,1.12849307060242,Incongruent
9,2,F,control,21,12:47:53,1.36568975448608,Incongruent
9,2,F,control,21,12:47:53,0.979768753051758,Incongruent
9,2,F,control,21,12:47:53,1.46667289733887,Incongruent
10,1,F,exercise,24,12:51:19,1.28411912918091,Incongruent
10,1,F,exercise,24,12:51:19,1.36495113372803,Incongruent
10,1,F,exercise,24,12:51:19,1.03483295440674,Incongruent
10,1,F,exercise,24,12:51:19,0.979528903961182,Incongruent
10,1,F,exercise,24,12:51:19,1.49785900115967,Incongruent
10,1,F,exercise,24,12:51:19,1.49059629440308,Incongruent
10,1,F,exercise,24,12:51:19,1.56126832962036,Incongruent
10,1,F,exercise,24,12:51:19,1.51502108573914,Incongruent
10,1,F,exercise,24,12:51:19,1.2228889465332,Incongruent
10,1,F,exercise,24,12:51:19,1.33315491676331,Incongruent
10,1,F,exercise,24,12:51:19,1.51403784751892,Incongruent
10,1,F,exercise,24,12:51:19,1.0112361907959,Incongruent
10,1,F,exercise,24,12:51:19,1.39724111557007,Incongruent
10,1,F,exercise,24,12:51:19,1.34920287132263,Incongruent
10,1,F,exercise,24,12:51:19,1.12932300567627,Incongruent
10,1,F,exercise,24,12:51:19,1.3727068901062,Incongruent
10,1,F,exercise,24,12:51:19,1.34816193580627,Incongruent
10,1,F,exercise,24,12:51:19,1.30241513252258,Incongruent
10,2,F,exercise,24,12:59:53,1.51211023330688,Incongruent
10,2,F,exercise,24,12:59:53,1.19182014465332,Incongruent
10,2,F,exercise,24,12:59:53,0.979038000106812,Incongruent
10,2,F,exercise,24,12:59:53,1.12928891181946,Incongruent
10,2,F,exercise,24,12:59:53,1.3961877822876,Incongruent
10,2,F,exercise,24,12:59:53,1.22368979454041,Incongruent
10,2,F,exercise,24,12:59:53,1.21567893028259,Incongruent
10,2,F,exercise,24,12:59:53,1.0270688533783,Incongruent
10,2,F,exercise,24,12:59:53,1.03435707092285,Incongruent
10,2,F,exercise,24,12:59:53,1.04335188865662,Incongruent
10,2,F,exercise,24,12:59:53,1.37252998352051,Incongruent
10,2,F,exercise,24,12:59:53,0.979843854904175,Incongruent
10,2,F,exercise,24,12:59:53,1.03489303588867,Incongruent
10,2,F,exercise,24,12:59:53,1.14662337303162,Incongruent
10,2,F,exercise,24,12:59:53,1.08153820037842,Incongruent
10,2,F,exercise,24,12:59:53,1.3825569152832,Incongruent
10,2,F,exercise,24,12:59:53,0.901654005050659,Incongruent
10,2,F,exercise,24,12:59:53,1.14445018768311,Incongruent
10,2,F,exercise,24,12:59:53,1.15314102172852,Incongruent
11,1,M,control,29,09:13:54,1.87511706352234,Incongruent
11,1,M,control,29,09:13:54,1.05057001113892,Incongruent
11,1,M,control,29,09:13:54,1.12126398086548,Incongruent
11,1,M,control,29,09:13:54,1.73443603515625,Incongruent
11,1,M,control,29,09:13:54,1.8921070098877,Incongruent
11,1,M,control,29,09:13:54,1.17657399177551,Incongruent
11,1,M,control,29,09:13:54,1.31870603561401,Incongruent
11,1,M,control,29,09:13:54,1.23184609413147,Incongruent
11,1,M,control,29,09:13:54,1.31007504463196,Incongruent
11,1,M,control,29,09:13:54,1.11454296112061,Incongruent
11,1,M,control,29,09:13:54,1.49866700172424,Incongruent
11,1,M,control,29,09:13:54,0.910001754760742,Incongruent
11,1,M,control,29,09:13:54,1.12140798568726,Incongruent
11,1,M,control,29,09:13:54,2.12716007232666,Incongruent
11,1,M,control,29,09:13:54,1.19224214553833,Incongruent
11,1,M,control,29,09:13:54,1.68745756149292,Incongruent
11,1,M,control,29,09:13:54,1.07431602478027,Incongruent
11,2,M,control,29,09:20:30,1.39537215232849,Incongruent
11,2,M,control,29,09:20:30,1.51459097862244,Incongruent
11,2,M,control,29,09:20:30,0.987874031066895,Incongruent
11,2,M,control,29,09:20:30,1.19192099571228,Incongruent
11,2,M,control,29,09:20:30,1.30295491218567,Incongruent
11,2,M,control,29,09:20:30,1.33381915092468,Incongruent
11,2,M,control,29,09:20:30,1.066978931427,Incongruent
11,2,M,control,29,09:20:30,1.0030198097229,Incongruent
11,2,M,control,29,09:20:30,0.964004755020142,Incongruent
11,2,M,control,29,09:20:30,1.44346690177917,Incongruent
11,2,M,control,29,09:20:30,1.11397814750671,Incongruent
11,2,M,control,29,09:20:30,1.45114707946777,Incongruent
11,2,M,control,29,09:20:30,0.869925260543823,Incongruent
11,2,M,control,29,09:20:30,1.79674196243286,Incongruent
12,1,M,control,22,12:24:27,1.44198393821716,Incongruent
12,1,M,control,22,12:24:27,1.64734530448914,Incongruent
12,1,M,control,22,12:24:27,1.98619985580444,Incongruent
12,1,M,control,22,12:24:27,1.33330202102661,Incongruent
12,1,M,control,22,12:24:27,1.23808193206787,Incongruent
12,1,M,control,22,12:24:27,1.49052691459656,Incongruent
12,1,M,control,22,12:24:27,1.73378705978394,Incongruent
12,1,M,control,22,12:24:27,2.03269696235657,Incongruent
12,1,M,control,22,12:24:27,2.65363383293152,Incongruent
12,1,M,control,22,12:24:27,1.90760183334351,Incongruent
12,1,M,control,22,12:24:27,1.54560112953186,Incongruent
12,1,M,control,22,12:24:27,1.36430811882019,Incongruent
12,1,M,control,22,12:24:27,1.44293308258057,Incongruent
12,1,M,control,22,12:24:27,1.92249298095703,Incongruent
12,1,M,control,22,12:24:27,0.925474882125855,Incongruent
12,1,M,control,22,12:24:27,1.23878908157349,Incongruent
12,2,M,control,22,12:32:44,2.16612505912781,Incongruent
12,2,M,control,22,12:32:44,1.23102903366089,Incongruent
12,2,M,control,22,12:32:44,1.27824711799622,Incongruent
12,2,M,control,22,12:32:44,1.01847624778748,Incongruent
12,2,M,control,22,12:32:44,1.4352560043335,Incongruent
12,2,M,control,22,12:32:44,1.30907511711121,Incongruent
12,2,M,control,22,12:32:44,1.19134283065796,Incongruent
12,2,M,control,22,12:32:44,1.08981704711914,Incongruent
12,2,M,control,22,12:32:44,0.94936203956604,Incongruent
12,2,M,control,22,12:32:44,1.41923403739929,Incongruent
12,2,M,control,22,12:32:44,1.01889991760254,Incongruent
12,2,M,control,22,12:32:44,1.43566608428955,Incongruent
12,2,M,control,22,12:32:44,1.08246779441834,Incongruent
12,2,M,control,22,12:32:44,1.05039119720459,Incongruent
12,2,M,control,22,12:32:44,1.24689102172852,Incongruent
12,2,M,control,22,12:32:44,1.64829015731812,Incongruent
13,1,M,control,23,12:53:36,1.16147589683533,Incongruent
13,1,M,control,23,12:53:36,1.66390013694763,Incongruent
13,1,M,control,23,12:53:36,1.27849411964417,Incongruent
13,1,M,control,23,12:53:36,1.47490501403809,Incongruent
13,1,M,control,23,12:53:36,1.27056813240051,Incongruent
13,1,M,control,23,12:53:36,1.83678817749023,Incongruent
13,1,M,control,23,12:53:36,1.25548791885376,Incongruent
13,1,M,control,23,12:53:36,1.29531311988831,Incongruent
13,1,M,control,23,12:53:36,1.50627207756042,Incongruent
13,1,M,control,23,12:53:36,1.52253198623657,Incongruent
13,1,M,control,23,12:53:36,1.23934626579285,Incongruent
13,1,M,control,23,12:53:36,1.28595900535584,Incongruent
13,1,M,control,23,12:53:36,1.30262589454651,Incongruent
13,1,M,control,23,12:53:36,0.971919059753418,Incongruent
13,1,M,control,23,12:53:36,1.22351098060608,Incongruent
13,1,M,control,23,12:53:36,0.932790994644165,Incongruent
13,1,M,control,23,12:53:36,1.0423002243042,Incongruent
13,1,M,control,23,12:53:36,1.39665365219116,Incongruent
13,2,M,control,23,12:56:00,1.27752804756165,Incongruent
13,2,M,control,23,12:56:00,1.75041913986206,Incongruent
13,2,M,control,23,12:56:00,0.925088167190552,Incongruent
13,2,M,control,23,12:56:00,1.8677830696106,Incongruent
13,2,M,control,23,12:56:00,1.49145483970642,Incongruent
13,2,M,control,23,12:56:00,0.956141710281372,Incongruent
13,2,M,control,23,12:56:00,1.05088996887207,Incongruent
13,2,M,control,23,12:56:00,1.16105318069458,Incongruent
13,2,M,control,23,12:56:00,1.12105798721313,Incongruent
13,2,M,control,23,12:56:00,1.16860961914063,Incongruent
13,2,M,control,23,12:56:00,1.43616008758545,Incongruent
13,2,M,control,23,12:56:00,1.08938503265381,Incongruent
13,2,M,control,23,12:56:00,0.940022945404053,Incongruent
13,2,M,control,23,12:56:00,1.17657113075256,Incongruent
13,2,M,control,23,12:56:00,1.16019725799561,Incongruent
13,2,M,control,23,12:56:00,1.33338093757629,Incongruent
13,2,M,control,23,12:56:00,0.979014158248901,Incongruent
31,1,M,control,26,10:01:03,1.941048861,Incongruent
31,1,M,control,26,10:01:03,2.111069679,Incongruent
31,1,M,control,26,10:01:03,1.794070005,Incongruent
31,1,M,control,26,10:01:03,1.767048359,Incongruent
31,1,M,control,26,10:01:03,2.038526297,Incongruent
31,1,M,control,26,10:01:03,1.50721693,Incongruent
31,1,M,control,26,10:01:03,1.299113274,Incongruent
31,1,M,control,26,10:01:03,1.520154715,Incongruent
31,1,M,control,26,10:01:03,1.823907614,Incongruent
31,1,M,control,26,10:01:03,1.484370708,Incongruent
31,1,M,control,26,10:01:03,1.040594816,Incongruent
31,1,M,control,26,10:01:03,1.978683949,Incongruent
31,1,M,control,26,10:01:03,1.024142027,Incongruent
31,1,M,control,26,10:01:03,1.550774097,Incongruent
31,2,M,control,26,10:07:16,1.606055737,Incongruent
31,2,M,control,26,10:07:16,1.321624756,Incongruent
31,2,M,control,26,10:07:16,1.165719271,Incongruent
31,2,M,control,26,10:07:16,1.811151981,Incongruent
31,2,M,control,26,10:07:16,0.975091457,Incongruent
31,2,M,control,26,10:07:16,1.514893532,Incongruent
31,2,M,control,26,10:07:16,1.337548733,Incongruent
31,2,M,control,26,10:07:16,1.256523848,Incongruent
31,2,M,control,26,10:07:16,1.610914469,Incongruent
31,2,M,control,26,10:07:16,1.83927989,Incongruent
31,2,M,control,26,10:07:16,1.063544035,Incongruent
31,2,M,control,26,10:07:16,1.557748318,Incongruent
31,2,M,control,26,10:07:16,0.864743948,Incongruent
31,2,M,control,26,10:07:16,1.654068947,Incongruent
31,2,M,control,26,10:07:16,1.496730804,Incongruent
31,2,M,control,26,10:07:16,1.158677816,Incongruent
31,2,M,control,26,10:07:16,1.292004108,Incongruent
31,2,M,control,26,10:07:16,1.101215124,Incongruent
31,2,M,control,26,10:07:16,1.62462616,Incongruent
32,1,M,control,25,10:43:04,1.137867212,Incongruent
32,1,M,control,25,10:43:04,1.969964981,Incongruent
32,1,M,control,25,10:43:04,1.613369703,Incongruent
32,1,M,control,25,10:43:04,1.179210186,Incongruent
32,1,M,control,25,10:43:04,2.226018906,Incongruent
32,1,M,control,25,10:43:04,2.278913736,Incongruent
32,1,M,control,25,10:43:04,2.077143192,Incongruent
32,1,M,control,25,10:43:04,1.634626389,Incongruent
32,1,M,control,25,10:43:04,1.558754683,Incongruent
32,1,M,control,25,10:43:04,2.171197414,Incongruent
32,1,M,control,25,10:43:04,1.059452534,Incongruent
32,1,M,control,25,10:43:04,1.497587204,Incongruent
32,1,M,control,25,10:43:04,1.858710289,Incongruent
32,1,M,control,25,10:43:04,2.624575853,Incongruent
32,1,M,control,25,10:43:04,2.183857679,Incongruent
32,1,M,control,25,10:43:04,1.401511192,Incongruent
32,2,M,control,25,10:51:32,1.994986296,Incongruent
32,2,M,control,25,10:51:32,3.09928894,Incongruent
32,2,M,control,25,10:51:32,1.032664061,Incongruent
32,2,M,control,25,10:51:32,1.696624041,Incongruent
32,2,M,control,25,10:51:32,2.463045835,Incongruent
32,2,M,control,25,10:51:32,1.166208982,Incongruent
32,2,M,control,25,10:51:32,2.043115139,Incongruent
32,2,M,control,25,10:51:32,1.136693954,Incongruent
32,2,M,control,25,10:51:32,0.971682787,Incongruent
32,2,M,control,25,10:51:32,2.021095514,Incongruent
32,2,M,control,25,10:51:32,1.422624826,Incongruent
32,2,M,control,25,10:51:32,0.899095535,Incongruent
32,2,M,control,25,10:51:32,1.358377218,Incongruent
33,1,M,control,24,11:26:23,2.315176725,Incongruent
33,1,M,control,24,11:26:23,1.771959305,Incongruent
33,1,M,control,24,11:26:23,1.628570318,Incongruent
33,1,M,control,24,11:26:23,1.691146374,Incongruent
33,1,M,control,24,11:26:23,1.679529428,Incongruent
33,1,M,control,24,11:26:23,2.379897594,Incongruent
33,1,M,control,24,11:26:23,2.436040878,Incongruent
33,1,M,control,24,11:26:23,1.328290939,Incongruent
33,1,M,control,24,11:26:23,2.225471735,Incongruent
33,1,M,control,24,11:26:23,1.873717785,Incongruent
33,1,M,control,24,11:26:23,1.816409588,Incongruent
33,1,M,control,24,11:26:23,2.8776021,Incongruent
33,1,M,control,24,11:26:23,2.206923962,Incongruent
33,1,M,control,24,11:26:23,2.015093088,Incongruent
33,1,M,control,24,11:26:23,2.554228783,Incongruent
33,2,M,control,24,11:34:00,1.958046675,Incongruent
33,2,M,control,24,11:34:00,1.319222212,Incongruent
33,2,M,control,24,11:34:00,2.095674515,Incongruent
33,2,M,control,24,11:34:00,2.035972834,Incongruent
33,2,M,control,24,11:34:00,1.70391345,Incongruent
33,2,M,control,24,11:34:00,1.615885019,Incongruent
33,2,M,control,24,11:34:00,1.629707575,Incongruent
33,2,M,control,24,11:34:00,1.843724251,Incongruent
33,2,M,control,24,11:34:00,1.60956645,Incongruent
33,2,M,control,24,11:34:00,1.645098925,Incongruent
33,2,M,control,24,11:34:00,1.653288603,Incongruent
33,2,M,control,24,11:34:00,2.029267311,Incongruent
33,2,M,control,24,11:34:00,1.714520216,Incongruent
34,1,F,control,26,11:56:29,1.199540615,Incongruent
34,1,F,control,26,11:56:29,3.601738214,Incongruent
34,1,F,control,26,11:56:29,1.732147932,Incongruent
34,1,F,control,26,11:56:29,0.980831385,Incongruent
34,1,F,control,26,11:56:29,1.196357012,Incongruent
34,1,F,control,26,11:56:29,0.689825296,Incongruent
34,1,F,control,26,11:56:29,1.419472456,Incongruent
34,1,F,control,26,11:56:29,1.93336463,Incongruent
34,1,F,control,26,11:56:29,0.727927685,Incongruent
34,1,F,control,26,11:56:29,1.232973099,Incongruent
34,1,F,control,26,11:56:29,1.404146671,Incongruent
34,1,F,control,26,11:56:29,1.23494792,Incongruent
34,1,F,control,26,11:56:29,0.798684835,Incongruent
34,1,F,control,26,11:56:29,0.865894556,Incongruent
34,1,F,control,26,11:56:29,0.97010684,Incongruent
34,1,F,control,26,11:56:29,2.05999589,Incongruent
34,2,F,control,26,11:58:57,0.911674023,Incongruent
34,2,F,control,26,11:58:57,1.757250786,Incongruent
34,2,F,control,26,11:58:57,2.236682653,Incongruent
34,2,F,control,26,11:58:57,1.54198885,Incongruent
34,2,F,control,26,11:58:57,1.653939009,Incongruent
34,2,F,control,26,11:58:57,0.776499987,Incongruent
34,2,F,control,26,11:58:57,1.21259141,Incongruent
34,2,F,control,26,11:58:57,0.932075262,Incongruent
34,2,F,control,26,11:58:57,0.650370598,Incongruent
34,2,F,control,26,11:58:57,0.997742653,Incongruent
34,2,F,control,26,11:58:57,0.922787666,Incongruent
34,2,F,control,26,11:58:57,1.571400642,Incongruent
34,2,F,control,26,11:58:57,1.798531294,Incongruent
34,2,F,control,26,11:58:57,0.921154022,Incongruent
35,1,F,exercise,22,14:25:17,2.392965317,Incongruent
35,1,F,exercise,22,14:25:17,1.657161951,Incongruent
35,1,F,exercise,22,14:25:17,2.15178299,Incongruent
35,1,F,exercise,22,14:25:17,4.075509071,Incongruent
35,1,F,exercise,22,14:25:17,2.778769016,Incongruent
35,1,F,exercise,22,14:25:17,3.257449627,Incongruent
35,1,F,exercise,22,14:25:17,3.264767647,Incongruent
35,1,F,exercise,22,14:25:17,2.409557104,Incongruent
35,1,F,exercise,22,14:25:17,2.181885719,Incongruent
35,1,F,exercise,22,14:25:17,1.548429012,Incongruent
35,1,F,exercise,22,14:25:17,1.629118204,Incongruent
35,1,F,exercise,22,14:25:17,2.535258293,Incongruent
35,1,F,exercise,22,14:25:17,2.248764277,Incongruent
35,1,F,exercise,22,14:25:17,2.225790024,Incongruent
35,1,F,exercise,22,14:25:17,3.102328777,Incongruent
35,1,F,exercise,22,14:25:17,1.569605827,Incongruent
36,1,M,exercise,26,14:29:47,1.41145134,Incongruent
36,1,M,exercise,26,14:29:47,1.357174635,Incongruent
36,1,M,exercise,26,14:29:47,1.20897913,Incongruent
36,1,M,exercise,26,14:29:47,1.562921524,Incongruent
36,1,M,exercise,26,14:29:47,1.613616705,Incongruent
36,1,M,exercise,26,14:29:47,1.627902269,Incongruent
36,1,M,exercise,26,14:29:47,1.347285271,Incongruent
36,1,M,exercise,26,14:29:47,1.122028828,Incongruent
36,1,M,exercise,26,14:29:47,2.011852741,Incongruent
36,1,M,exercise,26,14:29:47,2.197024107,Incongruent
36,1,M,exercise,26,14:29:47,1.953480959,Incongruent
36,1,M,exercise,26,14:29:47,1.327267647,Incongruent
36,1,M,exercise,26,14:29:47,1.488767624,Incongruent
36,1,M,exercise,26,14:29:47,1.392052889,Incongruent
35,2,F,exercise,22,14:32:52,2.460711479,Incongruent
35,2,F,exercise,22,14:32:52,1.827689648,Incongruent
35,2,F,exercise,22,14:32:52,1.710973263,Incongruent
35,2,F,exercise,22,14:32:52,2.101717472,Incongruent
35,2,F,exercise,22,14:32:52,1.312803745,Incongruent
35,2,F,exercise,22,14:32:52,2.461936235,Incongruent
35,2,F,exercise,22,14:32:52,3.280633926,Incongruent
35,2,F,exercise,22,14:32:52,3.472043514,Incongruent
35,2,F,exercise,22,14:32:52,2.13291502,Incongruent
35,2,F,exercise,22,14:32:52,2.579826117,Incongruent
35,2,F,exercise,22,14:32:52,2.74230361,Incongruent
35,2,F,exercise,22,14:32:52,1.76860261,Incongruent
35,2,F,exercise,22,14:32:52,1.931677341,Incongruent
35,2,F,exercise,22,14:32:52,1.974979877,Incongruent
35,2,F,exercise,22,14:32:52,2.153642654,Incongruent
36,2,M,exercise,24,14:38:21,1.315834284,Incongruent
36,2,M,exercise,24,14:38:21,1.467834711,Incongruent
36,2,M,exercise,24,14:38:21,1.792924643,Incongruent
36,2,M,exercise,24,14:38:21,1.259110451,Incongruent
36,2,M,exercise,24,14:38:21,1.392491102,Incongruent
36,2,M,exercise,24,14:38:21,1.451937199,Incongruent
36,2,M,exercise,24,14:38:21,1.843673944,Incongruent
36,2,M,exercise,24,14:38:21,1.474732161,Incongruent
36,2,M,exercise,24,14:38:21,1.370414734,Incongruent
36,2,M,exercise,24,14:38:21,1.27568841,Incongruent
36,2,M,exercise,24,14:38:21,1.511867285,Incongruent
36,2,M,exercise,24,14:38:21,2.071123838,Incongruent
36,2,M,exercise,24,14:38:21,1.142432451,Incongruent
36,2,M,exercise,24,14:38:21,1.253139019,Incongruent
36,2,M,exercise,24,14:38:21,1.112750769,Incongruent
36,2,M,exercise,24,14:38:21,1.429639816,Incongruent
36,2,M,exercise,24,14:38:21,1.459593296,Incongruent
36,2,M,exercise,24,14:38:21,1.703721762,Incongruent
37,2,M,exercise,23,14:43:18,1.958901405,Incongruent
37,2,M,exercise,23,14:43:18,2.130910158,Incongruent
37,2,M,exercise,23,14:43:18,1.814278364,Incongruent
37,2,M,exercise,23,14:43:18,1.880828381,Incongruent
37,2,M,exercise,23,14:43:18,2.169409513,Incongruent
37,2,M,exercise,23,14:43:18,2.301347256,Incongruent
37,2,M,exercise,23,14:43:18,2.271870852,Incongruent
37,2,M,exercise,23,14:43:18,2.08025074,Incongruent
37,2,M,exercise,23,14:43:18,2.677904367,Incongruent
37,2,M,exercise,23,14:43:18,1.75544548,Incongruent
37,2,M,exercise,23,14:43:18,2.287327528,Incongruent
37,2,M,exercise,23,14:43:18,3.298982382,Incongruent
37,2,M,exercise,23,14:43:18,2.507601023,Incongruent
37,2,M,exercise,23,14:43:18,1.940985918,Incongruent
37,2,M,exercise,23,14:43:18,2.390640497,Incongruent
37,2,M,exercise,23,14:43:18,2.1009655,Incongruent
37,2,M,exercise,23,14:43:18,1.886835337,Incongruent
38,1,M,exercise,22,14:52:47,1.659790516,Incongruent
38,1,M,exercise,22,14:52:47,1.341601849,Incongruent
38,1,M,exercise,22,14:52:47,1.333146095,Incongruent
38,1,M,exercise,22,14:52:47,1.214908838,Incongruent
38,1,M,exercise,22,14:52:47,1.760062933,Incongruent
38,1,M,exercise,22,14:52:47,1.525434732,Incongruent
38,1,M,exercise,22,14:52:47,1.928641081,Incongruent
38,1,M,exercise,22,14:52:47,2.039790392,Incongruent
38,1,M,exercise,22,14:52:47,1.953301668,Incongruent
38,1,M,exercise,22,14:52:47,2.019340515,Incongruent
38,1,M,exercise,22,14:52:47,1.612208366,Incongruent
38,1,M,exercise,22,14:52:47,1.187212706,Incongruent
38,1,M,exercise,22,14:52:47,1.445055485,Incongruent
38,1,M,exercise,22,14:52:47,2.093123198,Incongruent
38,1,M,exercise,22,14:52:47,1.834615469,Incongruent
38,1,M,exercise,22,14:52:47,1.598037958,Incongruent
38,1,M,exercise,22,14:52:47,1.761104345,Incongruent
38,2,M,exercise,22,15:01:44,2.605353117,Incongruent
38,2,M,exercise,22,15:01:44,1.518288851,Incongruent
38,2,M,exercise,22,15:01:44,1.6269629,Incongruent
38,2,M,exercise,22,15:01:44,1.287638903,Incongruent
38,2,M,exercise,22,15:01:44,1.629145384,Incongruent
38,2,M,exercise,22,15:01:44,1.915666342,Incongruent
38,2,M,exercise,22,15:01:44,1.347893715,Incongruent
38,2,M,exercise,22,15:01:44,1.613411903,Incongruent
38,2,M,exercise,22,15:01:44,1.64124155,Incongruent
38,2,M,exercise,22,15:01:44,1.72434783,Incongruent
38,2,M,exercise,22,15:01:44,1.473986626,Incongruent
38,2,M,exercise,22,15:01:44,1.532125473,Incongruent
38,2,M,exercise,22,15:01:44,1.731697559,Incongruent
38,2,M,exercise,22,15:01:44,1.360158205,Incongruent
38,2,M,exercise,22,15:01:44,1.634402037,Incongruent
38,2,M,exercise,22,15:01:44,1.68761754,Incongruent
38,2,M,exercise,22,15:01:44,1.503232718,Incongruent
39,1,M,control,22,15:05:15,1.551522017,Incongruent
39,1,M,control,22,15:05:15,1.591240644,Incongruent
39,1,M,control,22,15:05:15,1.472344637,Incongruent
39,1,M,control,22,15:05:15,1.479221821,Incongruent
39,1,M,control,22,15:05:15,1.457325697,Incongruent
39,1,M,control,22,15:05:15,1.530348063,Incongruent
39,1,M,control,22,15:05:15,1.404496431,Incongruent
39,1,M,control,22,15:05:15,1.332177639,Incongruent
39,1,M,control,22,15:05:15,1.507372379,Incongruent
39,1,M,control,22,15:05:15,1.310990572,Incongruent
39,1,M,control,22,15:05:15,1.368594646,Incongruent
39,1,M,control,22,15:05:15,1.198506117,Incongruent
39,1,M,control,22,15:05:15,1.037825346,Incongruent
39,1,M,control,22,15:05:15,1.782523155,Incongruent
39,2,M,control,22,15:13:07,2.812618971,Incongruent
39,2,M,control,22,15:13:07,1.265166283,Incongruent
39,2,M,control,22,15:13:07,1.259905815,Incongruent
39,2,M,control,22,15:13:07,1.170838356,Incongruent
39,2,M,control,22,15:13:07,1.348196268,Incongruent
39,2,M,control,22,15:13:07,1.407799482,Incongruent
39,2,M,control,22,15:13:07,1.406108618,Incongruent
39,2,M,control,22,15:13:07,1.194724321,Incongruent
39,2,M,control,22,15:13:07,1.355107546,Incongruent
39,2,M,control,22,15:13:07,1.267064333,Incongruent
39,2,M,control,22,15:13:07,1.391083241,Incongruent
39,2,M,control,22,15:13:07,1.43584013,Incongruent
39,2,M,control,22,15:13:07,1.907521009,Incongruent
39,2,M,control,22,15:13:07,1.138883829,Incongruent
39,2,M,control,22,15:13:07,1.154947042,Incongruent
39,2,M,control,22,15:13:07,1.318150997,Incongruent
39,2,M,control,22,15:13:07,1.649250269,Incongruent
131,1,M,exercise,29,15:52:36,2.345935106,Incongruent
131,1,M,exercise,29,15:52:36,3.144622087,Incongruent
131,1,M,exercise,29,15:52:36,3.330123901,Incongruent
131,1,M,exercise,29,15:52:36,2.130656004,Incongruent
131,1,M,exercise,29,15:52:36,1.826630354,Incongruent
131,1,M,exercise,29,15:52:36,3.766700506,Incongruent
131,1,M,exercise,29,15:52:36,2.529874086,Incongruent
131,1,M,exercise,29,15:52:36,1.567584515,Incongruent
131,1,M,exercise,29,15:52:36,2.137863398,Incongruent
131,1,M,exercise,29,15:52:36,1.642878771,Incongruent
131,1,M,exercise,29,15:52:36,1.634589672,Incongruent
131,1,M,exercise,29,15:52:36,1.700252533,Incongruent
131,1,M,exercise,29,15:52:36,1.788650513,Incongruent
131,1,M,exercise,29,15:52:36,1.8566401,Incongruent
131,1,M,exercise,29,15:52:36,2.574850559,Incongruent
131,1,M,exercise,29,15:52:36,1.271900177,Incongruent
131,1,M,exercise,29,15:52:36,1.612799883,Incongruent
131,2,M,exercise,29,16:02:31,2.063826561,Incongruent
131,2,M,exercise,29,16:02:31,1.865069628,Incongruent
131,2,M,exercise,29,16:02:31,2.093080044,Incongruent
131,2,M,exercise,29,16:02:31,1.731258631,Incongruent
131,2,M,exercise,29,16:02:31,1.478751183,Incongruent
131,2,M,exercise,29,16:02:31,1.553473949,Incongruent
131,2,M,exercise,29,16:02:31,2.840974808,Incongruent
131,2,M,exercise,29,16:02:31,1.190461397,Incongruent
131,2,M,exercise,29,16:02:31,2.047000408,Incongruent
131,2,M,exercise,29,16:02:31,1.626535416,Incongruent
131,2,M,exercise,29,16:02:31,1.611884594,Incongruent
131,2,M,exercise,29,16:02:31,1.331785917,Incongruent
131,2,M,exercise,29,16:02:31,1.530537605,Incongruent
132,1,M,control,28,16:30:54,3.610988617,Incongruent
132,1,M,control,28,16:30:54,1.671234846,Incongruent
132,1,M,control,28,16:30:54,1.797248602,Incongruent
132,1,M,control,28,16:30:54,1.181956768,Incongruent
132,1,M,control,28,16:30:54,2.468857527,Incongruent
132,1,M,control,28,16:30:54,1.352070332,Incongruent
132,1,M,control,28,16:30:54,1.122519255,Incongruent
132,1,M,control,28,16:30:54,1.455717564,Incongruent
132,1,M,control,28,16:30:54,1.529408693,Incongruent
132,1,M,control,28,16:30:54,2.276823044,Incongruent
132,1,M,control,28,16:30:54,2.446847916,Incongruent
132,1,M,control,28,16:30:54,1.152101994,Incongruent
132,1,M,control,28,16:30:54,1.085748434,Incongruent
132,1,M,control,28,16:30:54,1.35200882,Incongruent
132,1,M,control,28,16:30:54,1.885556459,Incongruent
132,1,M,control,28,16:30:54,1.551997423,Incongruent
132,2,M,control,28,16:37:40,1.441754103,Incongruent
132,2,M,control,28,16:37:40,2.641143322,Incongruent
132,2,M,control,28,16:37:40,1.98948884,Incongruent
132,2,M,control,28,16:37:40,1.804003716,Incongruent
132,2,M,control,28,16:37:40,1.899651766,Incongruent
132,2,M,control,28,16:37:40,1.455912828,Incongruent
132,2,M,control,28,16:37:40,1.255711079,Incongruent
132,2,M,control,28,16:37:40,2.151177645,Incongruent
132,2,M,control,28,16:37:40,1.514201641,Incongruent
132,2,M,control,28,16:37:40,2.622831345,Incongruent
132,2,M,control,28,16:37:40,1.839252472,Incongruent
132,2,M,control,28,16:37:40,1.551958084,Incongruent
132,2,M,control,28,16:37:40,1.587751865,Incongruent
132,2,M,control,28,16:37:40,1.634225845,Incongruent
132,2,M,control,28,16:37:40,1.307873964,Incongruent
132,2,M,control,28,16:37:40,2.298744202,Incongruent
132,2,M,control,28,16:37:40,1.86239171,Incongruent
132,2,M,control,28,16:37:40,2.462328434,Incongruent
132,2,M,control,28,16:37:40,1.500220537,Incongruent
133,1,M,exercise,23,10:29:05,1.79182148,Incongruent
133,1,M,exercise,23,10:29:05,1.136170626,Incongruent
133,1,M,exercise,23,10:29:05,2.126844883,Incongruent
133,1,M,exercise,23,10:29:05,1.572951317,Incongruent
133,1,M,exercise,23,10:29:05,1.298595667,Incongruent
133,1,M,exercise,23,10:29:05,1.550071716,Incongruent
133,1,M,exercise,23,10:29:05,1.601691008,Incongruent
133,1,M,exercise,23,10:29:05,1.427996159,Incongruent
133,1,M,exercise,23,10:29:05,1.507223606,Incongruent
133,1,M,exercise,23,10:29:05,1.521407366,Incongruent
133,1,M,exercise,23,10:29:05,1.866924047,Incongruent
133,1,M,exercise,23,10:29:05,1.727874517,Incongruent
133,1,M,exercise,23,10:29:05,1.321436882,Incongruent
133,1,M,exercise,23,10:29:05,2.53994441,Incongruent
133,1,M,exercise,23,10:29:05,2.667223454,Incongruent
133,1,M,exercise,23,10:29:05,1.381063938,Incongruent
134,1,M,control,25,10:33:21,1.806001425,Incongruent
134,1,M,control,25,10:33:21,1.482900858,Incongruent
134,1,M,control,25,10:33:21,1.393311262,Incongruent
134,1,M,control,25,10:33:21,1.749939442,Incongruent
134,1,M,control,25,10:33:21,1.219995737,Incongruent
134,1,M,control,25,10:33:21,1.43039155,Incongruent
134,1,M,control,25,10:33:21,1.159559965,Incongruent
134,1,M,control,25,10:33:21,1.356659889,Incongruent
134,1,M,control,25,10:33:21,1.12570262,Incongruent
134,1,M,control,25,10:33:21,1.278841734,Incongruent
134,1,M,control,25,10:33:21,1.127418518,Incongruent
134,1,M,control,25,10:33:21,1.638981581,Incongruent
134,1,M,control,25,10:33:21,2.205954313,Incongruent
134,1,M,control,25,10:33:21,1.497811079,Incongruent
134,1,M,control,25,10:33:21,1.415189266,Incongruent
134,1,M,control,25,10:33:21,1.609295607,Incongruent
134,1,M,control,25,10:33:21,1.262426853,Incongruent
134,1,M,control,25,10:33:21,1.525088549,Incongruent
133,2,M,exercise,23,10:40:48,2.773981094,Incongruent
133,2,M,exercise,23,10:40:48,1.43872261,Incongruent
133,2,M,exercise,23,10:40:48,1.298151016,Incongruent
133,2,M,exercise,23,10:40:48,1.742544651,Incongruent
133,2,M,exercise,23,10:40:48,1.417274714,Incongruent
133,2,M,exercise,23,10:40:48,1.157821655,Incongruent
133,2,M,exercise,23,10:40:48,1.099918127,Incongruent
133,2,M,exercise,23,10:40:48,1.424842596,Incongruent
133,2,M,exercise,23,10:40:48,2.007797956,Incongruent
133,2,M,exercise,23,10:40:48,1.505089521,Incongruent
133,2,M,exercise,23,10:40:48,1.705273628,Incongruent
133,2,M,exercise,23,10:40:48,1.44664216,Incongruent
133,2,M,exercise,23,10:40:48,1.513036013,Incongruent
133,2,M,exercise,23,10:40:48,1.498152256,Incongruent
134,2,M,control,25,10:42:18,2.038751364,Incongruent
134,2,M,control,25,10:42:18,1.846112967,Incongruent
134,2,M,control,25,10:42:18,1.885968447,Incongruent
134,2,M,control,25,10:42:18,1.224736691,Incongruent
134,2,M,control,25,10:42:18,1.210771322,Incongruent
134,2,M,control,25,10:42:18,1.202901125,Incongruent
134,2,M,control,25,10:42:18,0.950728655,Incongruent
134,2,M,control,25,10:42:18,1.047014952,Incongruent
134,2,M,control,25,10:42:18,1.623091221,Incongruent
134,2,M,control,25,10:42:18,1.461075783,Incongruent
134,2,M,control,25,10:42:18,1.75671196,Incongruent
134,2,M,control,25,10:42:18,1.579302549,Incongruent
135,1,F,control,24,12:34:40,1.051914692,Incongruent
135,1,F,control,24,12:34:40,1.609532118,Incongruent
135,1,F,control,24,12:34:40,1.911303043,Incongruent
135,1,F,control,24,12:34:40,1.663148165,Incongruent
135,1,F,control,24,12:34:40,1.194939613,Incongruent
135,1,F,control,24,12:34:40,1.121783257,Incongruent
135,1,F,control,24,12:34:40,1.388783455,Incongruent
135,1,F,control,24,12:34:40,1.558570385,Incongruent
135,1,F,control,24,12:34:40,0.996562719,Incongruent
135,1,F,control,24,12:34:40,1.079387665,Incongruent
135,1,F,control,24,12:34:40,1.011300564,Incongruent
135,1,F,control,24,12:34:40,1.145428181,Incongruent
135,1,F,control,24,12:34:40,1.247653246,Incongruent
136,1,F,control,23,12:37:54,1.674048662,Incongruent
136,1,F,control,23,12:37:54,1.195067167,Incongruent
136,1,F,control,23,12:37:54,1.903016806,Incongruent
136,1,F,control,23,12:37:54,1.283888817,Incongruent
136,1,F,control,23,12:37:54,1.326757193,Incongruent
136,1,F,control,23,12:37:54,1.977068663,Incongruent
136,1,F,control,23,12:37:54,1.377401114,Incongruent
136,1,F,control,23,12:37:54,1.422727346,Incongruent
136,1,F,control,23,12:37:54,1.445164442,Incongruent
136,1,F,control,23,12:37:54,1.65287137,Incongruent
136,1,F,control,23,12:37:54,1.681907892,Incongruent
136,1,F,control,23,12:37:54,1.851590395,Incongruent
136,1,F,control,23,12:37:54,1.112718344,Incongruent
136,1,F,control,23,12:37:54,1.202136278,Incongruent
136,1,F,control,23,12:37:54,1.319403648,Incongruent
136,1,F,control,23,12:37:54,1.644566536,Incongruent
135,2,F,control,24,12:41:55,1.545163631,Incongruent
135,2,F,control,24,12:41:55,1.704407454,Incongruent
135,2,F,control,24,12:41:55,1.17527771,Incongruent
135,2,F,control,24,12:41:55,0.88669467,Incongruent
135,2,F,control,24,12:41:55,1.448200464,Incongruent
135,2,F,control,24,12:41:55,1.107206106,Incongruent
135,2,F,control,24,12:41:55,1.026896715,Incongruent
135,2,F,control,24,12:41:55,1.190025806,Incongruent
135,2,F,control,24,12:41:55,1.128787041,Incongruent
135,2,F,control,24,12:41:55,1.220934868,Incongruent
135,2,F,control,24,12:41:55,1.243578434,Incongruent
135,2,F,control,24,12:41:55,0.898890257,Incongruent
135,2,F,control,24,12:41:55,1.549050808,Incongruent
135,2,F,control,24,12:41:55,1.414304972,Incongruent
135,2,F,control,24,12:41:55,1.519798994,Incongruent
135,2,F,control,24,12:41:55,1.170478344,Incongruent
136,2,F,control,23,12:47:17,1.674060106,Incongruent
136,2,F,control,23,12:47:17,1.629586697,Incongruent
136,2,F,control,23,12:47:17,1.874393463,Incongruent
136,2,F,control,23,12:47:17,2.243016958,Incongruent
136,2,F,control,23,12:47:17,1.402686834,Incongruent
136,2,F,control,23,12:47:17,1.659929752,Incongruent
136,2,F,control,23,12:47:17,1.793075323,Incongruent
136,2,F,control,23,12:47:17,1.327291965,Incongruent
136,2,F,control,23,12:47:17,1.585958481,Incongruent
136,2,F,control,23,12:47:17,1.076409101,Incongruent
136,2,F,control,23,12:47:17,1.556453705,Incongruent
136,2,F,control,23,12:47:17,1.112069607,Incongruent
136,2,F,control,23,12:47:17,1.238976717,Incongruent
136,2,F,control,23,12:47:17,1.297302008,Incongruent
137,2,M,exercise,22,12:58:47,1.691507578,Incongruent
137,2,M,exercise,22,12:58:47,2.150244236,Incongruent
137,2,M,exercise,22,12:58:47,1.567436695,Incongruent
137,2,M,exercise,22,12:58:47,1.276524544,Incongruent
137,2,M,exercise,22,12:58:47,1.255667925,Incongruent
137,2,M,exercise,22,12:58:47,1.205788136,Incongruent
137,2,M,exercise,22,12:58:47,2.804903507,Incongruent
137,2,M,exercise,22,12:58:47,2.434761524,Incongruent
137,2,M,exercise,22,12:58:47,1.860064507,Incongruent
137,2,M,exercise,22,12:58:47,1.312753916,Incongruent
137,2,M,exercise,22,12:58:47,3.446214199,Incongruent
137,2,M,exercise,22,12:58:47,2.41459322,Incongruent
137,2,M,exercise,22,12:58:47,2.116293192,Incongruent
137,2,M,exercise,22,12:58:47,2.061383247,Incongruent
137,2,M,exercise,22,12:58:47,2.082504034,Incongruent
137,2,M,exercise,22,12:58:47,1.054115057,Incongruent
138,1,M,control,26,13:57:02,1.92939043,Incongruent
138,1,M,control,26,13:57:02,2.853844404,Incongruent
138,1,M,control,26,13:57:02,1.664379835,Incongruent
138,1,M,control,26,13:57:02,2.246778488,Incongruent
138,1,M,control,26,13:57:02,1.539992332,Incongruent
138,1,M,control,26,13:57:02,2.203104973,Incongruent
138,1,M,control,26,13:57:02,1.914803743,Incongruent
138,1,M,control,26,13:57:02,1.818585634,Incongruent
138,1,M,control,26,13:57:02,1.596146584,Incongruent
138,1,M,control,26,13:57:02,1.973949432,Incongruent
138,1,M,control,26,13:57:02,1.857232332,Incongruent
138,1,M,control,26,13:57:02,1.341585875,Incongruent
138,1,M,control,26,13:57:02,1.592015266,Incongruent
138,1,M,control,26,13:57:02,1.739419699,Incongruent
138,2,M,control,26,14:04:29,2.433619738,Incongruent
138,2,M,control,26,14:04:29,1.860066652,Incongruent
138,2,M,control,26,14:04:29,1.585919142,Incongruent
138,2,M,control,26,14:04:29,1.629419565,Incongruent
138,2,M,control,26,14:04:29,1.435958624,Incongruent
138,2,M,control,26,14:04:29,1.620732546,Incongruent
138,2,M,control,26,14:04:29,2.883550406,Incongruent
138,2,M,control,26,14:04:29,2.264723778,Incongruent
138,2,M,control,26,14:04:29,1.702461481,Incongruent
138,2,M,control,26,14:04:29,1.385893822,Incongruent
138,2,M,control,26,14:04:29,1.78979969,Incongruent
138,2,M,control,26,14:04:29,1.575402498,Incongruent
138,2,M,control,26,14:04:29,1.634611368,Incongruent
139,1,M,exercise,23,15:05:44,2.376761198,Incongruent
139,1,M,exercise,23,15:05:44,1.366721153,Incongruent
139,1,M,exercise,23,15:05:44,1.710583925,Incongruent
139,1,M,exercise,23,15:05:44,2.04433322,Incongruent
139,1,M,exercise,23,15:05:44,1.432923079,Incongruent
139,1,M,exercise,23,15:05:44,2.046498537,Incongruent
139,1,M,exercise,23,15:05:44,1.175087452,Incongruent
139,1,M,exercise,23,15:05:44,1.77058363,Incongruent
139,1,M,exercise,23,15:05:44,1.403706312,Incongruent
139,1,M,exercise,23,15:05:44,1.335471392,Incongruent
139,1,M,exercise,23,15:05:44,1.32053113,Incongruent
139,1,M,exercise,23,15:05:44,1.342942476,Incongruent
139,1,M,exercise,23,15:05:44,1.297757149,Incongruent
139,1,M,exercise,23,15:05:44,1.525534153,Incongruent
139,1,M,exercise,23,15:05:44,1.113600254,Incongruent
139,1,M,exercise,23,15:05:44,1.194895983,Incongruent
139,1,M,exercise,23,15:05:44,1.948592901,Incongruent
139,2,M,exercise,23,15:12:59,1.457747698,Incongruent
139,2,M,exercise,23,15:12:59,1.213398933,Incongruent
139,2,M,exercise,23,15:12:59,1.351891756,Incongruent
139,2,M,exercise,23,15:12:59,0.967676401,Incongruent
139,2,M,exercise,23,15:12:59,1.228917122,Incongruent
139,2,M,exercise,23,15:12:59,1.003542423,Incongruent
139,2,M,exercise,23,15:12:59,1.277867317,Incongruent
139,2,M,exercise,23,15:12:59,1.645920515,Incongruent
139,2,M,exercise,23,15:12:59,1.174242735,Incongruent
139,2,M,exercise,23,15:12:59,1.375381708,Incongruent
139,2,M,exercise,23,15:12:59,1.131195784,Incongruent
139,2,M,exercise,23,15:12:59,2.675797224,Incongruent
139,2,M,exercise,23,15:12:59,1.55053854,Incongruent
139,2,M,exercise,23,15:12:59,1.395702839,Incongruent
139,2,M,exercise,23,15:12:59,1.809352875,Incongruent
139,2,M,exercise,23,15:12:59,1.174883842,Incongruent
139,2,M,exercise,23,15:12:59,1.606202602,Incongruent
139,2,M,exercise,23,15:12:59,0.913674116,Incongruent
140,1,M,exercise,22,15:49:02,2.044151306,Incongruent
140,1,M,exercise,22,15:49:02,1.496908426,Incongruent
140,1,M,exercise,22,15:49:02,1.458937168,Incongruent
140,1,M,exercise,22,15:49:02,1.906891108,Incongruent
140,1,M,exercise,22,15:49:02,1.769022942,Incongruent
140,1,M,exercise,22,15:49:02,1.394733429,Incongruent
140,1,M,exercise,22,15:49:02,1.475960016,Incongruent
140,1,M,exercise,22,15:49:02,1.244593859,Incongruent
140,1,M,exercise,22,15:49:02,1.265454054,Incongruent
140,2,M,exercise,22,15:56:21,2.131952047,Incongruent
140,2,M,exercise,22,15:56:21,1.237835407,Incongruent
140,2,M,exercise,22,15:56:21,1.299423933,Incongruent
140,2,M,exercise,22,15:56:21,1.978380442,Incongruent
140,2,M,exercise,22,15:56:21,1.416624546,Incongruent
140,2,M,exercise,22,15:56:21,1.232003689,Incongruent
140,2,M,exercise,22,15:56:21,1.23870635,Incongruent
140,2,M,exercise,22,15:56:21,1.298582077,Incongruent
140,2,M,exercise,22,15:56:21,1.682226419,Incongruent
140,2,M,exercise,22,15:56:21,2.052769184,Incongruent
140,2,M,exercise,22,15:56:21,1.542969942,Incongruent
140,2,M,exercise,22,15:56:21,1.727426767,Incongruent
140,2,M,exercise,22,15:56:21,2.080193758,Incongruent
140,2,M,exercise,22,15:56:21,2.108055115,Incongruent
140,2,M,exercise,22,15:56:21,1.402175903,Incongruent
140,2,M,exercise,22,15:56:21,1.998996735,Incongruent
140,2,M,exercise,22,15:56:21,2.625193834,Incongruent
141,1,M,control,29,19:13:51,1.387214661,Incongruent
141,1,M,control,29,19:13:51,1.351103783,Incongruent
141,1,M,control,29,19:13:51,1.564873934,Incongruent
141,1,M,control,29,19:13:51,1.085716963,Incongruent
141,1,M,control,29,19:13:51,1.17925024,Incongruent
141,1,M,control,29,19:13:51,1.108329058,Incongruent
141,1,M,control,29,19:13:51,1.518032074,Incongruent
141,1,M,control,29,19:13:51,1.031079054,Incongruent
141,1,M,control,29,19:13:51,1.542144775,Incongruent
141,1,M,control,29,19:13:51,1.437022448,Incongruent
141,1,M,control,29,19:13:51,0.926678419,Incongruent
141,1,M,control,29,19:13:51,1.785706758,Incongruent
141,1,M,control,29,19:13:51,1.289721966,Incongruent
141,1,M,control,29,19:13:51,1.04653573,Incongruent
141,1,M,control,29,19:13:51,1.01811409,Incongruent
141,1,M,control,29,19:13:51,1.772298098,Incongruent
141,1,M,control,29,19:13:51,1.66047883,Incongruent
141,1,M,control,29,19:13:51,1.105602503,Incongruent
141,2,M,control,29,19:24:14,1.893517017,Incongruent
141,2,M,control,29,19:24:14,1.011076212,Incongruent
141,2,M,control,29,19:24:14,1.129563332,Incongruent
141,2,M,control,29,19:24:14,1.438955069,Incongruent
141,2,M,control,29,19:24:14,0.891742229,Incongruent
141,2,M,control,29,19:24:14,1.482775927,Incongruent
141,2,M,control,29,19:24:14,0.90640974,Incongruent
141,2,M,control,29,19:24:14,1.556993246,Incongruent
141,2,M,control,29,19:24:14,1.393446684,Incongruent
141,2,M,control,29,19:24:14,1.314065218,Incongruent
141,2,M,control,29,19:24:14,0.929354429,Incongruent
141,2,M,control,29,19:24:14,1.113885641,Incongruent
141,2,M,control,29,19:24:14,1.07686162,Incongruent
141,2,M,control,29,19:24:14,1.622820854,Incongruent
141,2,M,control,29,19:24:14,1.526383877,Incongruent
143,1,F,control,27,20:21:16,1.669685364,Incongruent
143,1,F,control,27,20:21:16,2.003852129,Incongruent
143,1,F,control,27,20:21:16,1.783708096,Incongruent
143,1,F,control,27,20:21:16,1.504592657,Incongruent
143,1,F,control,27,20:21:16,1.497476339,Incongruent
143,1,F,control,27,20:21:16,2.168224573,Incongruent
143,1,F,control,27,20:21:16,1.113812447,Incongruent
143,1,F,control,27,20:21:16,1.340449572,Incongruent
143,1,F,control,27,20:21:16,1.938501835,Incongruent
143,1,F,control,27,20:21:16,1.697350264,Incongruent
143,1,F,control,27,20:21:16,1.202818155,Incongruent
143,1,F,control,27,20:21:16,1.668348312,Incongruent
143,1,F,control,27,20:21:16,1.483388901,Incongruent
143,1,F,control,27,20:21:16,2.227735281,Incongruent
143,1,F,control,27,20:21:16,1.43162775,Incongruent
143,1,F,control,27,20:21:16,1.363548756,Incongruent
143,1,F,control,27,20:21:16,1.202649593,Incongruent
143,1,F,control,27,20:21:16,2.034934521,Incongruent
143,2,F,control,27,20:26:34,1.125482082,Incongruent
143,2,F,control,27,20:26:34,1.778707027,Incongruent
143,2,F,control,27,20:26:34,1.208334446,Incongruent
143,2,F,control,27,20:26:34,1.984579086,Incongruent
143,2,F,control,27,20:26:34,2.640444756,Incongruent
143,2,F,control,27,20:26:34,1.238099337,Incongruent
143,2,F,control,27,20:26:34,1.859003305,Incongruent
143,2,F,control,27,20:26:34,1.23761034,Incongruent
143,2,F,control,27,20:26:34,1.2165308,Incongruent
143,2,F,control,27,20:26:34,1.790767908,Incongruent
143,2,F,control,27,20:26:34,2.18821454,Incongruent
143,2,F,control,27,20:26:34,1.332899809,Incongruent
143,2,F,control,27,20:26:34,1.31905055,Incongruent
143,2,F,control,27,20:26:34,1.614521742,Incongruent
143,2,F,control,27,20:26:34,2.160646915,Incongruent
144,1,F,control,29,21:24:26,1.687436342,Incongruent
144,1,F,control,29,21:24:26,3.109424591,Incongruent
144,1,F,control,29,21:24:26,1.85925746,Incongruent
144,1,F,control,29,21:24:26,1.838281393,Incongruent
144,1,F,control,29,21:24:26,2.08516407,Incongruent
144,1,F,control,29,21:24:26,1.59075141,Incongruent
144,1,F,control,29,21:24:26,1.428946257,Incongruent
144,1,F,control,29,21:24:26,1.725524664,Incongruent
144,1,F,control,29,21:24:26,1.061306477,Incongruent
144,1,F,control,29,21:24:26,1.676195621,Incongruent
144,1,F,control,29,21:24:26,1.356037378,Incongruent
144,1,F,control,29,21:24:26,1.248018742,Incongruent
144,1,F,control,29,21:24:26,1.769659042,Incongruent
144,1,F,control,29,21:24:26,1.146533012,Incongruent
144,1,F,control,29,21:24:26,1.576830149,Incongruent
144,1,F,control,29,21:24:26,0.873535872,Incongruent
144,1,F,control,29,21:24:26,1.303056717,Incongruent
144,1,F,control,29,21:24:26,1.383042097,Incongruent
144,1,F,control,29,21:24:26,1.072405815,Incongruent
144,2,F,control,29,21:29:52,1.51913619,Incongruent
144,2,F,control,29,21:29:52,1.192060709,Incongruent
144,2,F,control,29,21:29:52,1.246224165,Incongruent
144,2,F,control,29,21:29:52,1.35179472,Incongruent
144,2,F,control,29,21:29:52,1.085508108,Incongruent
144,2,F,control,29,21:29:52,1.699743032,Incongruent
144,2,F,control,29,21:29:52,1.566964388,Incongruent
144,2,F,control,29,21:29:52,0.978093863,Incongruent
144,2,F,control,29,21:29:52,1.188360691,Incongruent
144,2,F,control,29,21:29:52,1.127776146,Incongruent
144,2,F,control,29,21:29:52,2.023293018,Incongruent
144,2,F,control,29,21:29:52,1.535168886,Incongruent
144,2,F,control,29,21:29:52,1.448168755,Incongruent
144,2,F,control,29,21:29:52,1.048734188,Incongruent
144,2,F,control,29,21:29:52,0.926771879,Incongruent
144,2,F,control,29,21:29:52,1.444799662,Incongruent
144,2,F,control,29,21:29:52,1.221637011,Incongruent
50,1,M,exercise,24,09:52:16,1.397763729,Incongruent
50,1,M,exercise,24,09:52:16,0.940419912,Incongruent
50,1,M,exercise,24,09:52:16,1.616384506,Incongruent
50,1,M,exercise,24,09:52:16,0.828005314,Incongruent
50,1,M,exercise,24,09:52:16,1.356147289,Incongruent
50,1,M,exercise,24,09:52:16,1.004341125,Incongruent
50,1,M,exercise,24,09:52:16,1.278223515,Incongruent
50,1,M,exercise,24,09:52:16,1.354931593,Incongruent
50,1,M,exercise,24,09:52:16,1.598649502,Incongruent
50,1,M,exercise,24,09:52:16,0.948654413,Incongruent
50,1,M,exercise,24,09:52:16,1.753626585,Incongruent
50,1,M,exercise,24,09:52:16,1.690371513,Incongruent
50,1,M,exercise,24,09:52:16,1.36309123,Incongruent
50,1,M,exercise,24,09:52:16,2.910728931,Incongruent
50,1,M,exercise,24,09:52:16,1.008437157,Incongruent
50,1,M,exercise,24,09:52:16,1.04865694,Incongruent
50,1,M,exercise,24,09:52:16,0.843933344,Incongruent
50,2,M,exercise,24,10:02:09,2.253889799,Incongruent
50,2,M,exercise,24,10:02:09,2.322122812,Incongruent
50,2,M,exercise,24,10:02:09,0.932182789,Incongruent
50,2,M,exercise,24,10:02:09,0.905943632,Incongruent
50,2,M,exercise,24,10:02:09,2.216025352,Incongruent
50,2,M,exercise,24,10:02:09,0.818357944,Incongruent
50,2,M,exercise,24,10:02:09,1.881310225,Incongruent
50,2,M,exercise,24,10:02:09,1.25718379,Incongruent
50,2,M,exercise,24,10:02:09,0.932835817,Incongruent
50,2,M,exercise,24,10:02:09,1.2240417,Incongruent
50,2,M,exercise,24,10:02:09,1.168567419,Incongruent
50,2,M,exercise,24,10:02:09,0.806217432,Incongruent
50,2,M,exercise,24,10:02:09,1.113254786,Incongruent
50,2,M,exercise,24,10:02:09,1.578219414,Incongruent
50,2,M,exercise,24,10:02:09,1.240413666,Incongruent
51,1,F,exercise,25,10:11:04,1.902970552,Incongruent
51,1,F,exercise,25,10:11:04,1.95321846,Incongruent
51,1,F,exercise,25,10:11:04,2.155068636,Incongruent
51,1,F,exercise,25,10:11:04,1.915935755,Incongruent
51,1,F,exercise,25,10:11:04,2.58963728,Incongruent
51,1,F,exercise,25,10:11:04,1.874275923,Incongruent
51,1,F,exercise,25,10:11:04,1.773428679,Incongruent
51,1,F,exercise,25,10:11:04,3.010242939,Incongruent
51,1,F,exercise,25,10:11:04,1.986763716,Incongruent
51,1,F,exercise,25,10:11:04,1.326373577,Incongruent
51,1,F,exercise,25,10:11:04,2.081938028,Incongruent
51,1,F,exercise,25,10:11:04,1.658226013,Incongruent
51,1,F,exercise,25,10:11:04,1.730584145,Incongruent
51,1,F,exercise,25,10:11:04,1.563118696,Incongruent
51,1,F,exercise,25,10:11:04,1.355524778,Incongruent
51,2,F,exercise,25,10:18:41,2.917724848,Incongruent
51,2,F,exercise,25,10:18:41,1.824262381,Incongruent
51,2,F,exercise,25,10:18:41,1.946453333,Incongruent
51,2,F,exercise,25,10:18:41,1.925584793,Incongruent
51,2,F,exercise,25,10:18:41,1.870842695,Incongruent
51,2,F,exercise,25,10:18:41,1.508607626,Incongruent
51,2,F,exercise,25,10:18:41,2.347046137,Incongruent
51,2,F,exercise,25,10:18:41,1.840649843,Incongruent
51,2,F,exercise,25,10:18:41,2.938884497,Incongruent
51,2,F,exercise,25,10:18:41,1.877984762,Incongruent
51,2,F,exercise,25,10:18:41,1.376420021,Incongruent
51,2,F,exercise,25,10:18:41,1.808087349,Incongruent
51,2,F,exercise,25,10:18:41,1.611777544,Incongruent
51,2,F,exercise,25,10:18:41,2.415316343,Incongruent
51,2,F,exercise,25,10:18:41,1.346056461,Incongruent
51,2,F,exercise,25,10:18:41,1.368914604,Incongruent
52,1,M,exercise,26,10:00:29,2.190585375,Incongruent
52,1,M,exercise,26,10:00:29,2.762190104,Incongruent
52,1,M,exercise,26,10:00:29,1.539300203,Incongruent
52,1,M,exercise,26,10:00:29,1.445669413,Incongruent
52,1,M,exercise,26,10:00:29,3.072317839,Incongruent
52,1,M,exercise,26,10:00:29,2.668694496,Incongruent
52,1,M,exercise,26,10:00:29,1.972813845,Incongruent
52,1,M,exercise,26,10:00:29,2.52505374,Incongruent
52,1,M,exercise,26,10:00:29,2.393092394,Incongruent
52,1,M,exercise,26,10:00:29,2.090001106,Incongruent
52,1,M,exercise,26,10:00:29,2.394859791,Incongruent
52,1,M,exercise,26,10:00:29,2.480538368,Incongruent
52,1,M,exercise,26,10:00:29,1.93664813,Incongruent
52,1,M,exercise,26,10:00:29,2.783213854,Incongruent
52,1,M,exercise,26,10:00:29,2.278055429,Incongruent
52,1,M,exercise,26,10:00:29,3.184337378,Incongruent
52,1,M,exercise,26,10:00:29,1.856873989,Incongruent
52,1,M,exercise,26,10:00:29,2.313592672,Incongruent
52,1,M,exercise,26,10:00:29,1.568730831,Incongruent
52,2,M,exercise,26,10:09:33,2.553454161,Incongruent
52,2,M,exercise,26,10:09:33,2.228664875,Incongruent
52,2,M,exercise,26,10:09:33,1.60725832,Incongruent
52,2,M,exercise,26,10:09:33,2.49542737,Incongruent
52,2,M,exercise,26,10:09:33,2.372674227,Incongruent
52,2,M,exercise,26,10:09:33,3.154366255,Incongruent
52,2,M,exercise,26,10:09:33,1.924326897,Incongruent
52,2,M,exercise,26,10:09:33,1.352022409,Incongruent
52,2,M,exercise,26,10:09:33,1.984166861,Incongruent
52,2,M,exercise,26,10:09:33,2.967134953,Incongruent
52,2,M,exercise,26,10:09:33,2.453430176,Incongruent
52,2,M,exercise,26,10:09:33,1.952780247,Incongruent
52,2,M,exercise,26,10:09:33,1.772459507,Incongruent
53,1,M,exercise,25,10:14:33,1.199172497,Incongruent
53,1,M,exercise,25,10:14:33,1.27815938,Incongruent
53,1,M,exercise,25,10:14:33,1.34999752,Incongruent
53,1,M,exercise,25,10:14:33,1.338485003,Incongruent
53,1,M,exercise,25,10:14:33,1.394766808,Incongruent
53,1,M,exercise,25,10:14:33,1.381590128,Incongruent
53,1,M,exercise,25,10:14:33,1.538366079,Incongruent
53,1,M,exercise,25,10:14:33,1.335261345,Incongruent
53,1,M,exercise,25,10:14:33,1.185820103,Incongruent
53,1,M,exercise,25,10:14:33,1.394777536,Incongruent
53,1,M,exercise,25,10:14:33,1.079144478,Incongruent
53,1,M,exercise,25,10:14:33,1.719580412,Incongruent
53,1,M,exercise,25,10:14:33,1.352655888,Incongruent
53,1,M,exercise,25,10:14:33,1.18428421,Incongruent
53,2,M,exercise,25,10:23:48,1.495807648,Incongruent
53,2,M,exercise,25,10:23:48,1.372232914,Incongruent
53,2,M,exercise,25,10:23:48,1.314636469,Incongruent
53,2,M,exercise,25,10:23:48,1.60324502,Incongruent
53,2,M,exercise,25,10:23:48,1.619820356,Incongruent
53,2,M,exercise,25,10:23:48,1.591320276,Incongruent
53,2,M,exercise,25,10:23:48,1.583537817,Incongruent
53,2,M,exercise,25,10:23:48,1.185744047,Incongruent
53,2,M,exercise,25,10:23:48,1.538555622,Incongruent
53,2,M,exercise,25,10:23:48,1.495454788,Incongruent
53,2,M,exercise,25,10:23:48,1.05320096,Incongruent
53,2,M,exercise,25,10:23:48,1.192432642,Incongruent
53,2,M,exercise,25,10:23:48,1.320719719,Incongruent
53,2,M,exercise,25,10:23:48,1.105790377,Incongruent
53,2,M,exercise,25,10:23:48,1.330538034,Incongruent
53,2,M,exercise,25,10:23:48,1.474242687,Incongruent
53,2,M,exercise,25,10:23:48,1.366991758,Incongruent
54,1,M,exercise,25,10:29:44,1.08171916,Incongruent
54,1,M,exercise,25,10:29:44,1.239017963,Incongruent
54,1,M,exercise,25,10:29:44,0.830119133,Incongruent
54,1,M,exercise,25,10:29:44,1.024117708,Incongruent
54,1,M,exercise,25,10:29:44,1.13032937,Incongruent
54,1,M,exercise,25,10:29:44,0.96396184,Incongruent
54,1,M,exercise,25,10:29:44,1.201956749,Incongruent
54,1,M,exercise,25,10:29:44,0.883903742,Incongruent
54,1,M,exercise,25,10:29:44,1.504380941,Incongruent
54,1,M,exercise,25,10:29:44,2.003295898,Incongruent
54,1,M,exercise,25,10:29:44,1.078234434,Incongruent
54,1,M,exercise,25,10:29:44,1.437542439,Incongruent
54,1,M,exercise,25,10:29:44,1.01411891,Incongruent
54,2,M,exercise,25,10:37:55,1.270102978,Incongruent
54,2,M,exercise,25,10:37:55,1.389380455,Incongruent
54,2,M,exercise,25,10:37:55,1.066253662,Incongruent
54,2,M,exercise,25,10:37:55,1.446577072,Incongruent
54,2,M,exercise,25,10:37:55,0.912001133,Incongruent
54,2,M,exercise,25,10:37:55,0.918256283,Incongruent
54,2,M,exercise,25,10:37:55,0.904521227,Incongruent
54,2,M,exercise,25,10:37:55,0.964592218,Incongruent
54,2,M,exercise,25,10:37:55,1.028222084,Incongruent
54,2,M,exercise,25,10:37:55,1.352633476,Incongruent
54,2,M,exercise,25,10:37:55,1.507101774,Incongruent
54,2,M,exercise,25,10:37:55,0.950767994,Incongruent
54,2,M,exercise,25,10:37:55,0.947380781,Incongruent
54,2,M,exercise,25,10:37:55,0.986679316,Incongruent
54,2,M,exercise,25,10:37:55,1.804294825,Incongruent
54,2,M,exercise,25,10:37:55,0.841714144,Incongruent
55,1,F,exercise,18,12:16:22,2.487668753,Incongruent
55,1,F,exercise,18,12:16:22,2.555342197,Incongruent
55,1,F,exercise,18,12:16:22,1.286813259,Incongruent
55,1,F,exercise,18,12:16:22,1.337089062,Incongruent
55,1,F,exercise,18,12:16:22,1.786764622,Incongruent
55,1,F,exercise,18,12:16:22,1.649356604,Incongruent
55,1,F,exercise,18,12:16:22,1.6410923,Incongruent
55,1,F,exercise,18,12:16:22,1.396356344,Incongruent
55,1,F,exercise,18,12:16:22,2.777493954,Incongruent
55,1,F,exercise,18,12:16:22,1.627296209,Incongruent
55,1,F,exercise,18,12:16:22,2.330590963,Incongruent
55,1,F,exercise,18,12:16:22,1.743414402,Incongruent
55,1,F,exercise,18,12:16:22,1.582880735,Incongruent
55,1,F,exercise,18,12:16:22,1.685307503,Incongruent
55,1,F,exercise,18,12:16:22,2.083330154,Incongruent
55,1,F,exercise,18,12:16:22,1.439140081,Incongruent
55,1,F,exercise,18,12:16:22,1.194164991,Incongruent
55,1,F,exercise,18,12:16:22,1.931029558,Incongruent
55,1,F,exercise,18,12:16:22,1.910276413,Incongruent
55,1,F,exercise,18,12:16:22,1.124800444,Incongruent
55,2,F,exercise,18,12:25:30,1.155696392,Incongruent
55,2,F,exercise,18,12:25:30,1.526705265,Incongruent
55,2,F,exercise,18,12:25:30,1.070210218,Incongruent
55,2,F,exercise,18,12:25:30,1.224561453,Incongruent
55,2,F,exercise,18,12:25:30,1.135196924,Incongruent
55,2,F,exercise,18,12:25:30,1.460324526,Incongruent
55,2,F,exercise,18,12:25:30,1.173344374,Incongruent
55,2,F,exercise,18,12:25:30,1.438523054,Incongruent
55,2,F,exercise,18,12:25:30,2.133895397,Incongruent
55,2,F,exercise,18,12:25:30,1.306913614,Incongruent
55,2,F,exercise,18,12:25:30,1.634997368,Incongruent
55,2,F,exercise,18,12:25:30,1.800591946,Incongruent
55,2,F,exercise,18,12:25:30,1.895146132,Incongruent
55,2,F,exercise,18,12:25:30,1.988329649,Incongruent
56,1,M,control,24,14:33:08,1.1183443069458,Incongruent
56,1,M,control,24,14:33:08,1.47109127044678,Incongruent
56,1,M,control,24,14:33:08,1.42475485801697,Incongruent
56,1,M,control,24,14:33:08,2.075364112854,Incongruent
56,1,M,control,24,14:33:08,1.7939600944519,Incongruent
56,1,M,control,24,14:33:08,1.31667256355286,Incongruent
56,1,M,control,24,14:33:08,1.1426465511322,Incongruent
56,1,M,control,24,14:33:08,1.2799870967865,Incongruent
56,1,M,control,24,14:33:08,1.27982211112976,Incongruent
56,1,M,control,24,14:33:08,1.3375072479248,Incongruent
56,1,M,control,24,14:33:08,1.51198387145996,Incongruent
56,1,M,control,24,14:33:08,1.27237749099731,Incongruent
56,1,M,control,24,14:33:08,1.15867495536804,Incongruent
56,1,M,control,24,14:33:08,1.14905762672424,Incongruent
56,1,M,control,24,14:33:08,1.3308482170105,Incongruent
56,1,M,control,24,14:33:08,1.18551087379456,Incongruent
56,1,M,control,24,14:33:08,1.50189638137817,Incongruent
56,2,M,control,24,14:40:19,1.08303809165955,Incongruent
56,2,M,control,24,14:40:19,1.30831170082092,Incongruent
56,2,M,control,24,14:40:19,1.17758655548096,Incongruent
56,2,M,control,24,14:40:19,1.67837977409363,Incongruent
56,2,M,control,24,14:40:19,1.35213136672974,Incongruent
56,2,M,control,24,14:40:19,1.17757391929626,Incongruent
56,2,M,control,24,14:40:19,0.794983625411987,Incongruent
56,2,M,control,24,14:40:19,1.33746528625488,Incongruent
56,2,M,control,24,14:40:19,0.98895788192749,Incongruent
56,2,M,control,24,14:40:19,1.34428358078003,Incongruent
56,2,M,control,24,14:40:19,1.01963353157043,Incongruent
56,2,M,control,24,14:40:19,1.43207764625549,Incongruent
56,2,M,control,24,14:40:19,1.19995927810669,Incongruent
56,2,M,control,24,14:40:19,2.0229868888855,Incongruent
56,2,M,control,24,14:40:19,1.46891260147095,Incongruent
56,2,M,control,24,14:40:19,1.98941278457642,Incongruent
56,2,M,control,24,14:40:19,1.17812752723694,Incongruent
56,2,M,control,24,14:40:19,1.21465063095093,Incongruent
